<?xml version="1.0" encoding="UTF-8"?>
<beans xmlns="http://www.springframework.org/schema/beans"
       xmlns:aop="http://www.springframework.org/schema/aop"
       xmlns:context="http://www.springframework.org/schema/context"
       xmlns:p="http://www.springframework.org/schema/p"
       xmlns:xsi="http://www.w3.org/2001/XMLSchema-instance"
       xsi:schemaLocation="http://www.springframework.org/schema/beans http://www.springframework.org/schema/beans/spring-beans-3.0.xsd
       http://www.springframework.org/schema/context http://www.springframework.org/schema/context/spring-context-3.0.xsd
       http://www.springframework.org/schema/aop http://www.springframework.org/schema/aop/spring-aop-3.0.xsd
       http://www.springframework.org/schema/tx">

    <bean id="user1" class="com.karmeeo.bjming.User">
        <constructor-arg ref="phone1"/>
        <constructor-arg value="真卡拉"/>
        <constructor-arg value="会员"/>
    </bean>
    <bean id="phone1" class="com.karmeeo.bjming.Telephone">
        <property name="phone" value="HTC g14"/>
    </bean>

</beans>